{
	"a":"",


	"sites":{
		"dm5":{
			"name":"动漫屋",
			"index":"http://www.dm5.com",
			"desc":"台湾、香港、马拉西亚、美国地区访问速度相对较快。",
			"enable":true,
			"show":true,
			"num":13099,
			"lang":"zh",
			"chapterR":"^(http://.*\\.dm5\\.com/m([0-9]+)(-p([0-9]+))?/.*)$",
			"chapterQ":{
				"pageNoQ":"$$('.pageBar .active').text().replace('第','').replace('页','')",
				"pageMaxQ":"$$('xscript').text().match(/DM5_IMAGE_COUNT=([0-9]+);/)[1]",
				"imageType":"xurl",
				"chapterIdQ":"$$('xscript').text().match(/DM5_CID=([0-9]+)/)[1]",
				"chapterCodeQ":"''",
				"chapterNameQ":"$$('h1.active').html()",
				"comicIdQ":"$$('xscript').text().match(/DM5_MID=([0-9]+)/)[1]",
				"comicCodeQ":"$$('.topToolBar .center a').get(2).href.match(/\\/manhua-(.*)\\//)[1]",
				"comicNameQ":"$($$('.topToolBar .center a').get(2)).html()",
				"comicUrlQ":"$$('.topToolBar .center a').get(2).href"
			},
			"chapterT":"/m{chapterId}-p{pageNo}/",
			"comicR":"^(http://.*\\.dm5\\.com/manhua-.*/((\\?|#).*)?)$",
			"comicQ":{
				"listQ":"tbody[id^=chapter_] a[class=tg],ul[id^=cbc_] a[class=tg]",
				"listSort":"desc",
				"listNameQ":"text",
				"listIdQ":"\\/[mt]([0-9]+)",
				"listCodeQ":"()",
				"listUrlQ":"href",
				"coverQ":"$$('div.innr91 ximg').attr('src')",
				"nameQ":"$$('h1').text()",
				"idQ":"$$('xscript').text().match(/DM5_COMIC_MID=([0-9]+)/)[1]"
			},
			"comicT":"/manhua-{comicCode}/",
			"searchQ":{
				"url":"/search?language=1",
				"encode":"UTF-8",
				"method":"GET",
				"name":"title",
				"plus":"%20",
				"listQ":"$$('div.ssnrk')",
				"comicNameQ":"$$$('.ssnr_bt a').attr('title').concat(' 更新至').match(/(.*?)(\\s更新至)/)[1]",
				"coverQ":"$$$('.ssnr_yt ximg').attr('src')",
				"comicUrlQ":"$$$('.ssnr_bt a').attr('href')",
				"authorQ":"$$$('.ssnr_yt span.huih a').text()",
				"lang":"zh"
			}
		},
		"_1kkk":{
			"name":"极速漫画",
			"index":"http://www.1kkk.com",
			"desc":"漫画数量较全，速度也不错。",
			"enable":true,
			"show":true,
			"num":13137,
			"lang":"zh",
			"chapterR":"^http://.*\\.1kkk\\.com/(?!(manhua|tiezi))([a-zA-Z0-9-_]+?)(-p[0-9]+)?/.*$",
			"chapterQ":{
				"pageNoQ":"$$('#c_page').html()",
				"pageMaxQ":"$$('#c_page').parent().find('span:last').text()",
				"imageType":"xurl",
				"chapterIdQ":"$$('xscript').text().match(/var cid=([0-9]+);/)[1]",
				"chapterCodeQ":"url.match(/\\/([a-zA-Z0-9\\-_]+?)(-p[0-9]+)?\\//)[1]",
				"chapterNameQ":"$$('div.view_bt h1').get(0).childNodes[0].nodeValue",
				"comicIdQ":"$($$('div.hd_view').html().split('&gt;')[2]).attr('href').match(/manhua([0-9]+)/)[1]",
				"comicCodeQ":"''",
				"comicNameQ":"$($$('div.hd_view').html().split('&gt;')[2]).text().trim()",
				"comicUrlQ":"$($$('div.hd_view').html().split('&gt;')[2]).get(0).href"
			},
			"chapterT":"/{chapterCode}-p{pageNo}/",
			"comicR":"^(http://.*\\.1kkk\\.com/manhua(\\d+)/.*)$",
			"comicQ":{
				"listQ":"ul.sy_nr1.cplist_ullg:last a",
				"listSort":"asc",
				"listNameQ":"text",
				"listIdQ":"\\/[a-zA-Z0-9\\-_]+?([0-9]+)\\/$",
				"listCodeQ":"\\/([a-zA-Z0-9\\-_]+)\\/",
				"listUrlQ":"href",
				"coverQ":"$$('div.sy_k1 ximg').attr('src')",
				"nameQ":"$$('h1').text()",
				"idQ":"url.match(/\\/manhua(\\d+)/)[1]"
			},
			"comicT":"/manhua{comicId}/",
			"searchQ":{
				"url":"/search",
				"encode":"ESCAPE",
				"method":"GET",
				"name":"title",
				"plus":"%20",
				"listQ":"$$('.in_02 ul:gt(0)')",
				"comicNameQ":"$$$('li:eq(0) a.a_comicname').text()",
				"coverQ":"$$$('ximg.a_comicname').attr('src')",
				"comicUrlQ":"$$$('a.a_comicname').attr('href')",
				"authorQ":"$$$('li:eq(1) a').text()",
				"lang":"zh"
			}
		},
		"u17":{
			"name":"有妖气",
			"index":"http://www.u17.com",
			"desc":"中国第一原创漫画平台。",
			"enable":true,
			"show":true,
			"num":31340,
			"lang":"zh",
			"chapterR":"^(http://www\\.u17\\.com/chapter/([0-9]+)\\.(html|shtml)((\\?|#).*)?)$",
			"chapterQ":{
				"pageNoQ":"$$('#readbottom .pagenum em').text()",
				"pageMaxQ":"$$('#readbottom .pagenum').text().split('/')[1]",
				"imageType":"xsrc",
				"chapterIdQ":"url.match(/chapter\\/([0-9]+)\\.(html|shtml)/)[1]",
				"chapterCodeQ":"''",
				"chapterNameQ":"$$('#current_chapter_name').text()",
				"comicIdQ":"$$('xscript').text().match(/\"comic_id\":\"([0-9]+)\"/)[1]",
				"comicCodeQ":"''",
				"comicNameQ":"$$('h1 .comic_name').text()",
				"comicNameQ2":"$$('#chapter_list_box h2 a').text()",
				"comicUrlQ":"'http://www.u17.com/comic/'+$$('xscript').text().match(/\"comic_id\":\"([0-9]+)\"/)[1]+'.html'"
			},
			"chapterT":"/chapter/{chapterId}.html",
			"comicR":"(^(http://www\\.u17\\.com/comic/([0-9]+)\\.html(\\?.*)?)$|^(http://www\\.u17\\.com/comic_new\\.php\\?comic_id=([0-9]+)(\\?.*)?)$)",
			"comicQ":{
				"listQ":"#chapter li a",
				"listSort":"asc",
				"listNameQ":"text",
				"listIdQ":"chapter\\/([0-9]+)\\.html",
				"listCodeQ":"()",
				"listUrlQ":"href",
				"coverQ":"$$('#cover ximg').attr('src')",
				"nameQ":"$$('h1').text()",
				"idQ":"typeof(url.match(/(comic\\/([0-9]+)|comic_new\\.php\\?comic_id=([0-9]+))/)[2]) == 'undefined' ? url.match(/(comic\\/([0-9]+)|comic_new\\.php\\?comic_id=([0-9]+))/)[3] : url.match(/(comic\\/([0-9]+)|comic_new\\.php\\?comic_id=([0-9]+))/)[2]"
			},
			"comicT":"/comic/{comicId}.html",
			"searchQ":{
				"url":"http://so.u17.com/all/{keyword}/m0_p1.html",
				"encode":"UTF-8",
				"method":"URL",
				"name":"keyword",
				"plus":"%20",
				"listQ":"$$('.num_search').parent().find('.comiclist li.current')",
				"comicNameQ":"$$$('h3 strong a').text()",
				"coverQ":"$$$('div.cover ximg').attr('src')",
				"comicUrlQ":"$$$('h3 strong a').attr('href')",
				"authorQ":"$$$('h3 a:last').text()",
				"lang":"zh"
			}	
		},
		"migudm":{
			"name":"咪咕动漫",
			"index":"http://www.migudm.cn",
			"desc":"咪咕动漫",
			"enable":true,
			"show":true,
			"num":123,
			"lang":"zh",
			"chapterR":"^(http://www\\.migudm\\.cn/([0-9]+)/chapter/([0-9]+)\\.(html|shtml)((\\?|#).*)?)$",
			"chapterQ":{
				"pageNoQ":"",
				"pageMaxQ":"",
				"imageType":"xsrc",
				"chapterIdQ":"url.match(/chapter\\/([0-9]+)\\.(html|shtml)/)[1]",
				"chapterCodeQ":"''",
				"chapterNameQ":"$$('.itemName').text()",
				"comicIdQ":"url.match(/([0-9]+)\\/chapter\\/([0-9]+)\\.(html|shtml)/)[1]",
				"comicCodeQ":"''",
				"comicNameQ":"$$('.breadCrumbs a:eq(2)').text()",
				"comicNameQ2":"$$('.breadCrumbs a:eq(2)').text()",
				"comicUrlQ":"$$('.breadCrumbs a:eq(2)').attr('href')"
			},
			"chapterT":"/{comicId}/chapter/{chapterId}.html",
			"comicR":"(^(http://www\\.migudm\\.cn/comic/([0-9]+)\\.html(\\?.*)?)$|^(http://www\\.migudm\\.cn/comic_new\\.php\\?comic_id=([0-9]+)(\\?.*)?)$)",
			"comicQ":{
				"listQ":"#ctSectionListBd .titleList a",
				"listSort":"asc",
				"listNameQ":"text",
				"listIdQ":"/chapter\\/([0-9]+)\\.html",
				"listCodeQ":"()",
				"listUrlQ":"href",
				"coverQ":"$$('.ctdbLeft a ximg').attr('src')",
				"nameQ":"$$('h1').text()",
				"idQ":"url.match(/comic\\/([0-9]+)\\.(html|shtml)/)[1]"
			},
			"comicT":"/comic/{comicId}.html",
			"searchQ":{
				"url":"http://so.u17.com/all/{keyword}/m0_p1.html",
				"encode":"UTF-8",
				"method":"URL",
				"name":"keyword",
				"plus":"%20",
				"listQ":"$$('.num_search').parent().find('.comiclist li.current')",
				"comicNameQ":"$$$('h3 strong a').text()",
				"coverQ":"$$$('div.cover ximg').attr('src')",
				"comicUrlQ":"$$$('h3 strong a').attr('href')",
				"authorQ":"$$$('h3 a:last').text()",
				"lang":"zh"
			}	
		},
		"sfacg":{
			"name":"SF漫画",
			"index":"http://comic.sfacg.com",
			"desc":"SF互动传媒旗下漫画网站，台湾地区访问较好，但漫画略少。",
			"enable":true,
			"show":true,
			"num":1584,
			"lang":"zh",
			"chapterR":"^(http://comic\\.sfacg\\.com/HTML/(.*)?/(.*)/.*)$",
			"chapterQ":{
				"pageNoQ":"$$('#CurrentPage').text()",
				"pageMaxQ":"$$('#pageSel').children().length",
				"imageType":"xsrc",
				"chapterIdQ":"0",
				"chapterCodeQ":"url.match(/HTML\\/(.*?)\\/(.*)\\//)[2]",
				"chapterNameQ":"$$('div.Reduction_left').text().split('>')[3].trim()",
				"comicIdQ":"$$('xscript[src^=\\\\/Utility\\\\/]').filter(function(){ return $(this).attr('src').match(/Utility\\/[0-9]+/)!=null}).attr('src').match(/Utility\\/([0-9]+)\\/(.*)\\.js/)[1]",
				"comicCodeQ":"url.match(/HTML\\/(.*?)\\//)[1]",
				"comicNameQ":"$($$('div.Reduction_left a').get(2)).text()",
				"comicUrlQ":"$$('div.Reduction_left a').get(2).href"
			},
			"chapterT":"/HTML/{comicCode}/{chapterCode}/#p={pageNo}",
			"comicR":"^(http://comic\\.sfacg\\.com/HTML/(.*)/)$",
			"comicQ":{
				"listQ":"ul.serialise_list a",
				"listSort":"desc",
				"listNameQ":"text",
				"listIdQ":"()",
				"listCodeQ":"HTML\\/.*?\\/(.*)\\/",
				"listUrlQ":"href",
				"coverQ":"$$('.comic_cover ximg').attr('src')",
				"nameQ":"$$('h1 b').text()",
				"idQ":"$$('xscript').text().match(/var comicCounterID = (\\d+);/)[1]"
			},
			"comicT":"/HTML/{comicCode}/",
			"searchQ":{
				"url":"http://s.sfacg.com/?S=&SS=",
				"encode":"SF",
				"method":"GET",
				"name":"Key",
				"plus":"%20",
				"listQ":"$$('td>ul[style^=width]')",
				"comicNameQ":"$$$('a.orange_link2').text().replace(/漫画电信$/,'')",
				"coverQ":"$$$('.Conjunction ximg').attr('src')",
				"comicUrlQ":"$$$('a.orange_link2').attr('href')",
				"authorQ":"",
				"lang":"zh"
			}	
		},
		"kukudm":{
			"name":"KuKu动漫",
			"index":"http://comic.kukudm.com",
			"desc":"香港地区访问较好，漫画不多。",
			"enable":true,
			"show":true,
			"num":1927,
			"lang":"zh",
			"chapterR":"^(http://(.*\\.)?kukudm\\.com/comiclist/([0-9]+)/([0-9]+)/([0-9]+)\\.htm.*)$",
			"chapterQ":{
				"pageNoQ":"$$('#page1').parent().text().split('|')[2].trim().replace('当前第','').replace('页','')",
				"pageMaxQ":"$$('#page1').parent().text().split('|')[1].trim().replace('共','').replace('页','')",
				"imageType":"xurl",
				"chapterIdQ":"url.match(/comiclist\\/([0-9]+)\\/([0-9]+)/)[2]",
				"chapterCodeQ":"''",
				"chapterNameQ":"$$('#page1').parent().text().split('|')[0].trim()",
				"comicIdQ":"url.match(/comiclist\\/([0-9]+)\\/([0-9]+)/)[1]",
				"comicCodeQ":"''",
				"comicNameQ":"''",
				"comicUrlQ":"url.replace(/\\/[0-9]+\\/[0-9]+\\.htm/i,'/index.htm')"
			},
			"chapterT":"/comiclist/{comicId}/{chapterId}/{pageNo}.htm",
			"comicR":"^(http://(.*\\.)?kukudm\\.com/comiclist/([0-9]+)/(index\\.htm)?.*)$",
			"comicQ":{
				"listQ":"#comiclistn dd>a:first-child",
				"listSort":"asc",
				"listNameQ":"text",
				"listIdQ":"comiclist\\/[0-9]+\\/([0-9]+)\\/",
				"listCodeQ":"()",
				"listUrlQ":"href",
				"coverQ":"$$('td[width^=45] ximg').attr('src')",
				"nameQ":"$$('#infotitle').text().replace(/其他资源$/,'').replace(/^漫画简介/,'')",
				"idQ":"url.match(/comiclist\\/([0-9]+)/)[1]"
			},
			"comicT":"/comiclist/{comicId}/index.htm",
			"searchQ":{
				"url":"http://so.kukudm.com/search.asp",
				"encode":"GB2312",
				"method":"GET",
				"name":"kw",
				"plus":"+",
				"listQ":"$$('#comicmain>dd')",
				"comicNameQ":"$$$('a:eq(1)').text().replace(/漫画电信$/,'')",
				"coverQ":"$$$('ximg').attr('src')",
				"comicUrlQ":"$$$('a:first').attr('href')",
				"authorQ":"",
				"lang":"zh"
			}	
		},
		"twcomic":{
			"name":"TW漫画",
			"index":"http://www.twcomic.com",
			"desc":"漫画数量很多，台湾香港地区访问较快。",
			"enable":true,
			"show":true,
			"num":17955,
			"lang":"zh",
			"chapterR":"^(http://www\\.twcomic\\.com/comic/([A-Z0-9]{16})/([A-Z0-9]{16})/(.*))$",
			"chapterQ":{
				"pageNoQ":"$$('select[name=select1]:first').val()",
				"pageMaxQ":"$$('select[name=select1]:first option').length",
				"imageType":"xsrc",
				"chapterIdQ":"$$('#hdID').val()",
				"chapterCodeQ":"url.match(/comic\\/([A-Z0-9]+)\\/([A-Z0-9]+)\\//)[2]",
				"chapterNameQ":"$$('#spt2').text()",
				"comicIdQ":"$$('#hdInfoID').val()",
				"comicCodeQ":"url.match(/comic\\/([A-Z0-9]+)\\/([A-Z0-9]+)\\//)[1]",
				"comicNameQ":"$$('#spt1').text().split(' ')[0]",
				"comicUrlQ":"$$('#spt1').parent().get(0).href"
			},
			"chapterT":"/comic/{comicCode}/{chapterCode}/?p={pageNo}",
			"comicR":"^(http://www\\.twcomic\\.com/comic/([A-Z0-9]{16})/)$",
			"comicQ":{
				"listQ":"div.cVolList a",
				"listSort":"desc",
				"listNameQ":"text",
				"listIdQ":"()",
				"listCodeQ":"comic\\/[A-Z0-9]{16}\\/([A-Z0-9]{16})\\/",
				"listUrlQ":"href",
				"coverQ":"$$('div.cDefaultImg ximg').attr('src')",
				"nameQ":"$$('h1.cTitle').text().trim().split('\\n')[0]",
				"idQ":"$$('#hdID').val()"
			},
			"comicT":"/comic/{comicCode}/",
			"searchQ":{
				"url":"/search/s.aspx",
				"encode":"UTF8",
				"method":"POST",
				"name":"tbSTxt",
				"plus":"+",
				"listQ":"$$('.cInfoItem')",
				"comicNameQ":"$$$('.cListTitle a span').remove();$$$('.cListTitle a').text()",
				"coverQ":"$$$('.cListSlt ximg').attr('src')",
				"comicUrlQ":"$$$('.cListTitle a').attr('href')",
				"authorQ":"$$$('.cListh1 .cl1_2').text().replace('作者：','')",
				"lang":"zh"
			}
		},
		"qq":{
			"name":"腾讯动漫",
			"index":"http://ac.qq.com",
			"desc":"大部门是国漫，小部分日漫。",
			"enable":true,
			"show":true,
			"num":17927,
			"lang":"zh",
			"chapterR":"^(http://ac\\.qq\\.com/ComicView/(index|chapter)/id/([0-9]+)/cid/([0-9]+)((\\?|#).*)?)$",
			"chapterQ":{
				"pageNoQ":"1",
				"pageMaxQ":"0",
				"imageType":"xsrc",
				"chapterIdQ":"url.match(/ComicView\\/(index|chapter)\\/id\\/([0-9]+)\\/cid\\/([0-9]+)/i)[3]",
				"chapterCodeQ":"''",
				"chapterNameQ":"$$('.title-comicHeading').text()",
				"comicIdQ":"url.match(/ComicView\\/(index|chapter)\\/id\\/([0-9]+)\\/cid\\/([0-9]+)/i)[2]",
				"comicCodeQ":"''",
				"comicNameQ":"$$('#chapter').text()",
				"comicUrlQ":"'/Comic/ComicInfo/id/'+url.match(/ComicView\\/(index|chapter)\\/id\\/([0-9]+)/i)[2]"
			},
			"chapterT":"/ComicView/index/id/{comicId}/cid/{chapterId}",
			"comicR":"^(http://ac\\.qq\\.com/Comic/ComicInfo/id/([0-9]+)(\\?.*)?)$",
			"comicQ":{
				"listQ":"#chapter ol.chapter-page-all a",
				"listSort":"asc",
				"listNameQ":"text",
				"listIdQ":"ComicView\\/(?:chapter|index)\\/id\\/[0-9]+\\/cid\\/([0-9]+)",
				"listCodeQ":"()",
				"listUrlQ":"href",
				"coverQ":"$$('div.works-cover ximg').attr('src')",
				"nameQ":"$$('h2 strong').text()",
				"idQ":"url.match(/comicInfo\\/id\\/(\\d+)/i)[1]"
			},
			"comicT":"/Comic/comicInfo/id/{comicId}",
			"searchQ":{
				"url":"/Comic/searchList/search/{keyword}",
				"encode":"UTF-8",
				"method":"URL",
				"name":"keyword",
				"plus":"%20",
				"listQ":"$$('ul.mod_book_list li')",
				"comicNameQ":"$$$('h4 a').attr('title')",
				"coverQ":"$$$('ximg').attr('data-original')",
				"comicUrlQ":"$$$('h4 a').attr('href')",
				"authorQ":"",
				"lang":"zh"
			}
		},
		"chuiyao":{
			"name":"吹妖(吹雪)漫画",
			"index":"http://www.chuiyao.com",
			"desc":"漫画最多得网站，就是广告忒多！！",
			"enable":true,
			"show":true,
			"num":19652,
			"lang":"zh",
			"chapterR":"^(http://www\\.chuiyao\\.com/manhua/([0-9]+)/([0-9]+)\\.html(.*)?)$",
			"chapterQ":{
				"pageNoQ":"$$('#qTcms_CurentPage1').html()",
				"pageMaxQ":"$$('#qTcms_TotalPage1').html()",
				"imageType":"xsrc",
				"chapterIdQ":"url.match(/manhua\\/([0-9]+)\\/([0-9]+)\\.html/)[2]",
				"chapterCodeQ":"''",
				"chapterNameQ":"$$('div.zstitle h2').html()",
				"comicIdQ":"url.match(/manhua\\/([0-9]+)\\//)[1]",
				"comicCodeQ":"''",
				"comicNameQ":"$$('div.zstitle h1 a').html()",
				"comicUrlQ":"$$('div.zstitle h1 a').get(0).href"
			},
			"chapterT":"/manhua/{comicId}/{chapterId}.html?p={pageNo}",
			"comicR":"^(http://www\\.chuiyao\\.com/manhua/([0-9]+)/(\\?.*)?)$",
			"comicQ":{
				"listQ":"#play_0 li a",
				"listSort":"desc",
				"listNameQ":"text",
				"listIdQ":"manhua\\/[0-9]+\\/([0-9]+)\\.html",
				"listCodeQ":"()",
				"listUrlQ":"href",
				"coverQ":"$$('p.cover ximg').attr('src')",
				"nameQ":"$$('div.title h1').text()",
				"idQ":"url.match(/manhua\\/(\\d+)/)[1]"
			},
			"comicT":"/manhua/{comicId}/",
			"searchQ":{
				"url":"/search/",
				"encode":"UTF-8",
				"method":"POST",
				"name":"key",
				"plus":"+",
				"listQ":"$$('#dmList li')",
				"comicNameQ":"$$$('dt').text()",
				"coverQ":"$$$('.pic ximg').attr('src')",
				"comicUrlQ":"$$$('dt a').attr('href')",
				"authorQ":"",
				"lang":"zh"
			}

		},
		"dmzj":{
			"name":"动漫之家",
			"index":"http://manhua.dmzj.com",
			"desc":"178旗下漫画网站。",
			"enable":true,
			"show":true,
			"num":13415,
			"lang":"zh",
			"chapterR":"^(http://manhua\\.dmzj\\.com/(.+?)/([0-9]+)(-[0-9]+)?\\.shtml(.*)?)$",
			"chapterQ":{
				"pageNoQ":"$$('#jump_select').val()",
				"pageMaxQ":"$$('#jump_select').children().length-1",
				"imageType":"xsrc",
				"chapterIdQ":"$$('xhead').html().replace(/[\\r\\n]/g,'').match(/chapter_id = '([0-9]+)';/)[1]",
				"chapterCodeQ":"''",
				"chapterNameQ":"$$('span.redhotl').text()",
				"comicIdQ":"$$('xhead').html().replace(/[\\r\\n]/g,'').match(/g_comic_id = res_id = '([0-9]+)';/)[1]",
				"comicCodeQ":"url.match(/\\.com\\/(.+?)\\//)[1]",
				"comicNameQ":"$$('h1.hotrmtexth1 a').text()",
				"comicUrlQ":"$$('h1.hotrmtexth1 a').get(0).href"
			},
			"chapterT":"/{comicCode}/{chapterId}-{pageNo}.shtml",
			"comicR":"^(http://manhua\\.dmzj\\.com/(.+)/?(\\?.*)?)$",
			"comicQ":{
				"listQ":"div.cartoon_online_border ul li a",
				"listSort":"asc",
				"listNameQ":"text",
				"listIdQ":"\\/.*?\\/([0-9]+)\\.shtml",
				"listCodeQ":"()",
				"listUrlQ":"href",
				"coverQ":"$$('#cover_pic').attr('src')",
				"nameQ":"$$('h1').text()",
				"idQ":"$$('xscript').text().match(/var g_current_id = \\\"(\\d+)\\\";/)[1]"
			},
			"comicT":"/{comicCode}/",
			"searchQ":{
				"url":"http://s.acg.178.com/comicsum/search.php",
				"encode":"UTF-8",
				"method":"GET",
				"name":"s",
				"plus":"+",
				"listQ":"g_search_data",
				"comicNameQ":"$$$().comic_name",
				"coverQ":"$$$().comic_cover",
				"comicUrlQ":"$$$().comic_url",
				"authorQ":"$$$().comic_author",
				"lang":"zh"
			}
		},
		"aiyouman":{
			"name":"爱优漫",
			"index":"http://www.aiyouman.com",
			"desc":"新出来的国漫网站，界面漂亮。",
			"enable":true,
			"show":true,
			"num":1474,
			"lang":"zh",
			"chapterR":"^(http://www\\.aiyouman\\.com/([0-9]+)/([0-9]+)(_p[0-9]+)?\\.html(.*)?)$",
			"chapterQ":{
				"pageNoQ":"1",
				"pageMaxQ":"html.match(/totalimg:([0-9]+)/)[1]",
				"imageType":"xsrc",
				"chapterIdQ":"url.match(/([0-9]+)\\/([0-9]+)(_p[0-9])?\\.html/)[2]",
				"chapterCodeQ":"''",
				"chapterNameQ":"html.match(/pagename:\"(.*?)\",/)[1]",
				"comicIdQ":"url.match(/([0-9]+)\\/([0-9]+)(_p[0-9])?\\.html/)[1]",
				"comicCodeQ":"''",
				"comicNameQ":"html.match(/mhname:\"(.*?)\",/)[1]",
				"comicUrlQ":"'http://www.aiyouman.com/'+html.match(/mhid:([0-9]+),/)[1]+'/'"
			},
			"chapterT":"/{comicId}/{chapterId}_p{pageNo}.html",
			"comicR":"^(http://www\\.aiyouman\\.com/([0-9]+)/(\\?.*)?)$",
			"comicQ":{
				"listQ":"ul.list-chapter li a",
				"listSort":"desc",
				"listNameQ":"text",
				"listIdQ":"[0-9]+\\/([0-9]+)\\.html",
				"listCodeQ":"()",
				"listUrlQ":"href",
				"coverQ":"$$('.thumbnail ximg').attr('src')",
				"nameQ":"$$('.details h1').text()",
				"idQ":"url.match(/\\/(\\d+)/)[1]"
			},
			"comicT":"/{comicId}/",
			"searchQ":{
				"url":"/getjson.shtml",
				"encode":"UTF-8",
				"method":"GET",
				"name":"q",
				"plus":"+",
				"listQ":"json",
				"comicNameQ":"node.cartoon_name",
				"coverQ":"",
				"comicUrlQ":"'http://www.aiyouman.com/'+node.cartoon_id+'/'",
				"authorQ":"",
				"lang":"zh"
			}
		},
		"xindm":{
			"name":"新动漫",
			"index":"http://www.xindm.cn",
			"desc":"漫画比较全。",
			"enable":true,
			"show":true,
			"new":true,
			"num":21704,
			"lang":"zh",
			"chapterR":"^(http://www\\.xindm\\.cn/mh/(.+?)/([0-9]+)\\.html(.*)?)$",
			"chapterQ":{
				"pageNoQ":"$$('#curentpage').text()",
				"pageMaxQ":"$$('#pageSelect select').children().length-1",
				"imageType":"xsrc",
				"chapterIdQ":"$$('#infoid').val()",
				"chapterCodeQ":"url.match(/\\/mh\\/(.+)\\.html/)[1]",
				"chapterNameQ":"$$('#infoname').val()",
				"comicIdQ":"$$('#listid').val()",
				"comicCodeQ":"$$('#listurl').val().replace('/mh/','')",
				"comicNameQ":"$$('xscript').text().match(/var comicname = \\\"(.*)\\\"/)[1]",
				"comicUrlQ":"$$('#viewList')[0].href"
			},
			"chapterT":"/mh/{chapterCode}.html?page={pageNo}",
			"comicR":"^(http://www\\.xindm\\.cn/mh/(.+?)/)$",
			"comicQ":{
				"listQ":"#mhlist ul li a",
				"listSort":"desc",
				"listNameQ":"text",
				"listIdQ":"\\/mh\\/.+?\\/([0-9]+)\\.html",
				"listCodeQ":"\\/mh\\/(.+)\\.html",
				"listUrlQ":"href",
				"coverQ":"$$('.fengmian_comic_head_con_l ximg').attr('src')",
				"nameQ":"$$('.fengmian_comic_head_con_r h1').text().replace(/漫画$/,'')",
				"idQ":"$$('.fengmian_comic_head_con_r xscript').attr('src').match(/id=(\\d+)&addclick=/)[1]"
			},
			"comicT":"/mh/{comicCode}/",
			"searchQ":{
				"url":"/e/search/index.php",
				"encode":"GB2312",
				"method":"POST",
				"name":"keyboard",
				"plus":"+",
				"params":{"show":"title,btitle","Submit.x":25,"Submit.y":10,"Submit":"搜索"},
				"listQ":"$$('div.reminderindex1 li')",
				"comicNameQ":"$$$('span.blacks_04').text()",
				"coverQ":"$$$('a.piceffects1 ximg').attr('src')",
				"comicUrlQ":"$$$('a.piceffects1').attr('href')",
				"authorQ":"$$$('.reminderbox>span:eq(1)').text().replace('作者:','')",
				"lang":"zh"
			}
		},
		"kanman":{
			"name":"看漫网",
			"index":"http://www.kanman.com",
			"desc":"看漫网致力于打造中国最权威的正版授权漫画阅读平台。",
			"enable":true,
			"show":true,
			"new":true,
			"num":25250,
			"lang":"zh",
			"chapterR":"^(http://www\\.kanman\\.com/([0-9]+)/(.+)\\.html(.*)?)$",
			"chapterQ":{
				"pageNoQ":"''",
				"pageMaxQ":"''",
				"imageType":"xsrc",
				"chapterIdQ":"''",
				"chapterCodeQ":"''",
				"chapterNameQ":"''",
				"comicIdQ":"''",
				"comicCodeQ":"''",
				"comicNameQ":"''",
				"comicUrlQ":"''"
			},
			"chapterT":"/{chapterCode}.html",
			"comicR":"^(http://www\\.kanman\\.com/([0-9]+)/)$",
			"comicQ":{
				"listQ":".can-retract.zhangjie div ul li a",
				"listSort":"desc",
				"listNameQ":"text",
				"listIdQ":"()",
				"listCodeQ":"^http://www\\.kanman\\.com/[0-9]+/(.+)\\.html(.*)?$",
				"listUrlQ":"href",
				"coverQ":"$$('div.cover ximg').attr('data-url')",
				"nameQ":"$$('div.details div.info h1').text()",
				"idQ":"url.match(/\\/(\\d+)/)[1]"
			},
			"comicT":"/{comicId}/",
			"searchQ":{
				"url":"/jsonp/allcomic.html",
				"encode":"SRC",
				"method":"GET",
				"name":"",
				"plus":"+",
				"params":{},
				"listQ":"",
				"comicNameQ":"",
				"coverQ":"",
				"comicUrlQ":"",
				"authorQ":"",
				"lang":"zh"
			}
		},
		"mangafox":{
			"name":"MangaFox",
			"index":"http://mangafox.me",
			"desc":"Read your favorite manga online!",
			"enable":false,
			"show":false,
			"new":true,
			"num":15597,
			"lang":"en",
			"chapterR":"^(http://mangafox\\.me/manga/(.*?)/c([0-9\\.]+)/([0-9]+)\\.html(.*)?)$",
			"chapterQ":{
				"pageNoQ":"$$('#top_center_bar select.m option[selected]').val()",
				"pageMaxQ":"$$('#top_center_bar select.m option').length-1",
				"imageType":"xurl",
				"chapterIdQ":"$$('xscript').text().match(/var cid=(\\d+);/)[1]",
				"chapterCodeQ":"$$('xscript').text().match(/var current_chapter=\\\"(.*?)\\\"/)[1]",
				"chapterNameQ":"$$('#series h1 a').text()",
				"comicIdQ":"$$('xscript').text().match(/var sid=(\\d+);/)[1]",
				"comicCodeQ":"$$('xscript').text().match(/var series_code=\\\"(.*?)\\\"/)[1]",
				"comicNameQ":"$$('#series strong a').text().trim().replace(/Manga$/i,'').replace(/Manhwa$/i,'').replace(/Manhua$/i,'').trim()",
				"comicUrlQ":"$$('#series strong a')[0].href"
			},
			"chapterT":"/mange/{comicCode}/{chapterCode}/{pageNo}.html",
			"comicR":"^(http://mangafox\\.me/manga/(.*?)/)$",
			"comicQ":{
				"listQ":"ul.chlist li h3 a,ul.chlist li h4 a",
				"listSort":"desc",
				"listNameQ":"text",
				"listIdQ":"()",
				"listCodeQ":"\\/manga\\/.*?\\/(.*)\\/(1\\.html)?",
				"listUrlQ":"href",
				"coverQ":"$$('div.cover ximg').attr('src')",
				"nameQ":"$$('#title h1').text()",
				"idQ":"$$('xscript').text().match(/var sid=(\\d+);/)[1]"
			},
			"comicT":"/mange/{comicCode}/",
			"searchQ":{
				"url":"/search.php?name_method=cw&type=&author_method=cw&author=&artist_method=cw&artist=&genres%5BAction%5D=0&genres%5BAdult%5D=0&genres%5BAdventure%5D=0&genres%5BComedy%5D=0&genres%5BDoujinshi%5D=0&genres%5BDrama%5D=0&genres%5BEcchi%5D=0&genres%5BFantasy%5D=0&genres%5BGender+Bender%5D=0&genres%5BHarem%5D=0&genres%5BHistorical%5D=0&genres%5BHorror%5D=0&genres%5BJosei%5D=0&genres%5BMartial+Arts%5D=0&genres%5BMature%5D=0&genres%5BMecha%5D=0&genres%5BMystery%5D=0&genres%5BOne+Shot%5D=0&genres%5BPsychological%5D=0&genres%5BRomance%5D=0&genres%5BSchool+Life%5D=0&genres%5BSci-fi%5D=0&genres%5BSeinen%5D=0&genres%5BShoujo%5D=0&genres%5BShoujo+Ai%5D=0&genres%5BShounen%5D=0&genres%5BShounen+Ai%5D=0&genres%5BSlice+of+Life%5D=0&genres%5BSmut%5D=0&genres%5BSports%5D=0&genres%5BSupernatural%5D=0&genres%5BTragedy%5D=0&genres%5BWebtoons%5D=0&genres%5BYaoi%5D=0&genres%5BYuri%5D=0&released_method=eq&released=&rating_method=eq&rating=&is_completed=&advopts=1&sort=views&order=za",
				"encode":"UTF-8",
				"method":"GET",
				"name":"name",
				"plus":"+",
				"params":{},
				"listQ":"$$('#listing tr:gt(0)')",
				"comicNameQ":"$$$('td:first a').text()",
				"coverQ":"",
				"comicUrlQ":"$$$('td:first a').attr('href')",
				"authorQ":"",
				"lang":"en"
			}
		},
		"mangareader":{
			"name":"MangaReader",
			"index":"http://www.mangareader.net",
			"desc":"Absolutely Free and Updated Daily",
			"enable":true,
			"show":true,
			"new":true,
			"num":4108,
			"lang":"en",
			"chapterR":"^(http://www\\.mangareader\\.net/(.+?)/([0-9]+)(\\/([0-9]+))?((\\?|#).*)?)$",
			"chapterQ":{
				"pageNoQ":"$$('#pageMenu option[selected]').text()",
				"pageMaxQ":"$$('#pageMenu option').length-1",
				"imageType":"xurl",
				"chapterIdQ":"",
				"chapterCodeQ":"$$('xscript').text().match(/document\\['chapterno'\\] = (\\d+);/)[1]",
				"chapterNameQ":"$$('#mangainfo h1').text()",
				"comicIdQ":"$$('xscript').text().match(/document\\['mangaid'\\] = (\\d+);/)[1]",
				"comicCodeQ":"url.match(/mangareader\\.net\\/(.+?)\\//i)[1]",
				"comicNameQ":"$$('#mangainfo h2 a').text()",
				"comicUrlQ":"$$('#mangainfo h2 a')[0].href"
			},
			"chapterT":"/{comicCode}/{chapterCode}/{pageNo}",
			"comicR":"^(http://www\\.mangareader\\.net/(.+)((\\?|#).*)?)$",
			"comicQ":{
				"listQ":"#listing tr:gt(0) td a",
				"listSort":"asc",
				"listNameQ":"text",
				"listIdQ":"()",
				"listCodeQ":"\\/.*?\\/([0-9]+)",
				"listUrlQ":"href",
				"coverQ":"$$('#mangaimg ximg').attr('src')",
				"nameQ":"$$('#mangaproperties h2.aname').text().trim()",
				"idQ":""
			},
			"comicT":"/{comicCode}",
			"searchQ":{
				"url":"/search/?rd=0&status=0&order=0&genre=0000000000000000000000000000000000000&p=0",
				"encode":"UTF-8",
				"method":"GET",
				"name":"w",
				"plus":"+",
				"params":{},
				"listQ":"$$('#mangaresults div.mangaresultitem')",
				"comicNameQ":"$$$('.manga_name h3 a').text()",
				"coverQ":"$$$('.imgsearchresults').css('background-image').replace('url(\"','').replace('\")','')",
				"comicUrlQ":"$$$('.manga_name h3 a').attr('href')",
				"authorQ":"",
				"lang":"en"
			}
		},
		"mangapanda":{
			"name":"MangaPanda",
			"index":"http://www.mangapanda.com",
			"desc":"It seems to be a mirror site of Mangareader.",
			"enable":true,
			"show":true,
			"new":true,
			"num":4108,
			"lang":"en",
			"chapterR":"^(http://www\\.mangapanda\\.com/(.+?)/([0-9]+)(\\/([0-9]+))?((\\?|#).*)?)$",
			"chapterQ":{
				"pageNoQ":"$$('#pageMenu option[selected]').text()",
				"pageMaxQ":"$$('#pageMenu option').length-1",
				"imageType":"xurl",
				"chapterIdQ":"",
				"chapterCodeQ":"$$('xscript').text().match(/document\\['chapterno'\\] = (\\d+);/)[1]",
				"chapterNameQ":"$$('#mangainfo h1').text()",
				"comicIdQ":"$$('xscript').text().match(/document\\['mangaid'\\] = (\\d+);/)[1]",
				"comicCodeQ":"url.match(/mangapanda\\.com\\/(.+?)\\//i)[1]",
				"comicNameQ":"$$('#mangainfo h2 a').text()",
				"comicUrlQ":"$$('#mangainfo h2 a')[0].href"
			},
			"chapterT":"/{comicCode}/{chapterCode}/{pageNo}",
			"comicR":"^(http://www\\.mangapanda\\.com/(.+)((\\?|#).*)?)$",
			"comicQ":{
				"listQ":"#listing tr:gt(0) td a",
				"listSort":"asc",
				"listNameQ":"text",
				"listIdQ":"()",
				"listCodeQ":"\\/.*?\\/([0-9]+)",
				"listUrlQ":"href",
				"coverQ":"$$('#mangaimg ximg').attr('src')",
				"nameQ":"$$('#mangaproperties h2.aname').text().trim()",
				"idQ":""
			},
			"comicT":"/{comicCode}",
			"searchQ":{
				"url":"/search/?rd=0&status=0&order=0&genre=0000000000000000000000000000000000000&p=0",
				"encode":"UTF-8",
				"method":"GET",
				"name":"w",
				"plus":"+",
				"params":{},
				"listQ":"$$('#mangaresults div.mangaresultitem')",
				"comicNameQ":"$$$('.manga_name h3 a').text()",
				"coverQ":"$$$('.imgsearchresults').css('background-image').replace('url(\"','').replace('\")','')",
				"comicUrlQ":"$$$('.manga_name h3 a').attr('href')",
				"authorQ":"",
				"lang":"en"
			}
		},		
		"comicvip":{
			"name":"无限动漫",
			"index":"http://comicvip.com",
			"desc":"免费线上漫画。",
			"enable":true,
			"show":false,
			"num":8911,
			"lang":"zh",
			"chapterR":"^(http://(www\\.)?comicvip\\.com/show/.*-([0-9]+)\\.html(.*)?)$",
			"chapterQ":{
				"pageNoQ":"''",
				"pageMaxQ":"''",
				"imageType":"xsrc",
				"chapterIdQ":"",
				"chapterCodeQ":"''",
				"chapterNameQ":"",
				"comicIdQ":"",
				"comicCodeQ":"''",
				"comicNameQ":"''",
				"comicUrlQ":"''"
			},
			"chapterT":"/show/best-manga-{comicId}.html?ch={chapterCode}",
			"comicR":"^(http://(www\\.)?comicvip\\.com/html/([0-9]+)\\.html(.*)?)$",
			"comicQ":{
				"listQ":"a.Vol, a.Ch",
				"listSort":"asc",
				"listNameQ":"text",
				"listIdQ":"()",
				"listCodeQ":".*-([0-9]+)\\.html(.*)",
				"listUrlQ":"onclick",
				"coverQ": "$$('ximg[vspace=10]').attr('src')",
				"nameQ":"$$('table:eq(3) tbody:eq(0) tr:eq(0) table:eq(0) tbody:eq(0) tr:eq(0) td:eq(1) table:eq(1) td:eq(1) font').text()",
				"idQ":"url.match(/\\/(\\d+)/)[1]"
			},
			"comicT":"/html/{comicId}.html",
			"searchQ":{
				"url":"/member/search.aspx",
				"encode":"BIG5",
				"method":"GET",
				"name":"k",
				"plus":"+",
				"params":{},
				"listQ":"$$('table[cellpadding=4] tr')",
				"comicNameQ":"$$$('td:eq(1) a:eq(0) font[color=\"#0099CC\"]:eq(0)').text()",
				"coverQ":"$$$('ximg.imgborders').attr('src')",
				"comicUrlQ":"$$$('ximg.imgborders').parent().attr('href')",
				"authorQ":"",
				"lang":"zh"
			}
		},		
		"manhuatai":{
			"name":"漫画台",
			"index":"http://www.manhuatai.com",
			"desc":"免费线上漫画。",
			"enable":true,
			"show":true,
			"new":true,
			"num":26067,
			"lang":"zh",
			"chapterR":"^(http://www\\.manhuatai\\.com/(.*)/(.*)\\.html(.*)?)$",
			"chapterQ":{
				"pageNoQ":"1",
				"pageMaxQ":"html.match(/totalimg:([0-9]+)/)[1]",
				"imageType":"xsrc",
				"chapterIdQ":"html.match(/pageid:([0-9]+),/)[1]",
				"chapterCodeQ":"html.match(/pageurl:\"(.*?)\",/)[1]",
				"chapterNameQ":"html.match(/pagename:\"(.*?)\",/)[1]",
				"comicIdQ":"",
				"comicCodeQ":"html.match(/mhid:\"(.*?)\",/)[1]",
				"comicNameQ":"html.match(/mhname:\"(.*?)\",/)[1]",
				"comicUrlQ":"'http://www.manhuatai.com/'+html.match(/mhid:\"(.*?)\",/)[1]+'/'"
			},
			"chapterT":"/{comicCode}/{chapterCode}.html",
			"comicR":"^(http://www\\.manhuatai\\.com/(.*)/((\\?|#).*)?)$",
			"comicQ":{
				"listQ":".mhlistbody ul li a",
				"listSort":"desc",
				"listNameQ":"text",
				"listIdQ":"()",
				"listCodeQ":".*\\/(.*?)\\.html(.*)",
				"listUrlQ":"href",
				"coverQ": "$$('.mhjsbody ximg').attr('src')",
				"nameQ":"$$('.jshtml ul li:first').text().replace('名称：','')",
				"codeQ":"$$('.displayhide').text().match(/\\[\"(.*?)\",/)[1]",
				"idQ":"$$('.displayhide').text().match(/,\"([0-9]+)\"\\]/)[1]"
			},
			"comicT":"/{comicCode}/",
			"searchQ":{
				"url":"/getjson.shtml",
				"encode":"UTF-8",
				"method":"GET",
				"name":"q",
				"plus":"+",
				"listQ":"json",
				"comicNameQ":"node.cartoon_name",
				"coverQ":"",
				"comicUrlQ":"'http://www.manhuatai.com/'+node.cartoon_id+'/'",
				"authorQ":"",
				"lang":"zh"
			}
		}
	}
}

